{
  "hash": "eb9d3bb8",
  "configHash": "31a586d9",
  "lockfileHash": "6855fad0",
  "browserHash": "e28b5722",
  "optimized": {
    "vue": {
      "src": "../../../node_modules/.pnpm/vue@3.4.21_typescript@5.4.2/node_modules/vue/dist/vue.runtime.esm-bundler.js",
      "file": "vue.js",
      "fileHash": "f59f4dec",
      "needsInterop": false
    },
    "vitepress > @vue/devtools-api": {
      "src": "../../../node_modules/.pnpm/@vue+devtools-api@6.6.1/node_modules/@vue/devtools-api/lib/esm/index.js",
      "file": "vitepress___@vue_devtools-api.js",
      "fileHash": "8208e9e0",
      "needsInterop": false
    },
    "vite-plugin-vitepress-demo/theme": {
      "src": "../../../node_modules/.pnpm/vite-plugin-vitepress-demo@2.2.1_typescript@5.4.2_vitepress@1.0.0-rc.32/node_modules/vite-plugin-vitepress-demo/dist/theme/index.mjs",
      "file": "vite-plugin-vitepress-demo_theme.js",
      "fileHash": "34771eaf",
      "needsInterop": false
    }
  },
  "chunks": {
    "chunk-VBDGN7KV": {
      "file": "chunk-VBDGN7KV.js"
    }
  }
}